Date,Trips over the past 24-hours (midnight to 11:59pm),Miles traveled today (midnight to 11:59 pm)
1/1/2015,5792,9191
1/2/2015,12371,18222
1/3/2015,4834,6282
1/4/2015,8509,11700
1/5/2015,15792,20022
1/6/2015,9483,12003
1/7/2015,10685,12791
1/8/2015,9777,11667
1/9/2015,8631,11093
1/10/2015,6826,8189
1/11/2015,8204,10199
1/12/2015,9441,11589
1/13/2015,14134,17429
1/14/2015,14396,18105
1/15/2015,15463,19803
1/16/2015,15059,19084
1/17/2015,8243,10818
1/18/2015,2038,2435
1/19/2015,11913,15733
1/20/2015,17615,22740
1/21/2015,16734,21228
1/22/2015,17435,22630
1/23/2015,17080,22248
1/24/2015,5275,6723
1/25/2015,10235,14421
1/26/2015,4537,5979
1/27/2015,1405,2343
1/28/2015,6223,9907
1/29/2015,9845,14171
1/30/2015,9943,12945
1/31/2015,5752,7328
2/1/2015,7214,9186
2/2/2015,1686,2635
2/3/2015,5443,7816
2/4/2015,9854,13775
2/5/2015,9977,12607
2/6/2015,9334,11948
2/7/2015,7346,10045
2/8/2015,7180,9671
2/9/2015,5717,7234
2/10/2015,11289,14526
2/11/2015,12453,16204
2/12/2015,12651,16248
2/13/2015,8595,10773
2/14/2015,5124,6392
2/15/2015,2837,3289
2/16/2015,4500,5423
2/17/2015,5289,6869
2/18/2015,10001,12995
2/19/2015,8485,10080
2/20/2015,6825,8056
2/21/2015,3453,4164
2/22/2015,4654,6648
2/23/2015,8343,10519
2/24/2015,8483,10675
2/25/2015,12057,15655
2/26/2015,11047,14744
2/27/2015,10861,14313
2/28/2015,6836,8975
3/1/2015,3169,4042
3/2/2015,8019,10767
3/3/2015,7178,9430
3/4/2015,8265,10842
3/5/2015,1821,2604
3/6/2015,5953,8248
3/7/2015,6255,8849
3/8/2015,8711,13701
3/9/2015,16365,24159
3/10/2015,13080,17626
3/11/2015,21728,33446
3/12/2015,19246,26931
3/13/2015,17850,24699
3/14/2015,4302,5592
3/15/2015,9676,13635
3/16/2015,18476,26091
3/17/2015,16287,22462
3/18/2015,15050,11465
3/19/2015,16699,16176
3/20/2015,8786,11465
3/21/2015,10236,16176
3/22/2015,10638,16098
3/23/2015,14669,18957
3/24/2015,17532,23581
3/25/2015,15851,21456
3/26/2015,16193,22876
3/27/2015,15433,21520
3/28/2015,1255,1562
3/29/2015,10585,17373
3/30/2015,19250,26828
3/31/2015,15199,20532
4/1/2015,21566,31708
4/2/2015,26346,43134
4/3/2015,15978,23643
4/4/2015,15538,27764
4/5/2015,14962,29709
4/6/2015,25502,43529
4/7/2015,17640,24209
4/8/2015,19223,26004
4/9/2015,17723,23891
4/10/2015,17648,25628
4/11/2015,20451,39786
4/12/2015,21851,46764
4/13/2015,26980,43753
4/14/2015,24452,36555
4/15/2015,30184,49727
4/16/2015,29273,45915
4/17/2015,26164,42203
4/18/2015,31024,71371
4/19/2015,23444,46416
4/20/2015,12080,16377
4/21/2015,27057,43508
4/22/2015,23893,35999
4/23/2015,23886,34259
4/24/2015,22605,32678
4/25/2015,22963,46054
4/26/2015,23608,48664
4/27/2015,27657,43197
4/28/2015,32481,54129
4/29/2015,34427,59166
4/30/2015,31756,51077
5/1/2015,30345,48736
5/2/2015,28295,60188
5/3/2015,30446,69728
5/4/2015,35115,63531
5/5/2015,35990,60088
5/6/2015,32788,50987
5/7/2015,37762,64189
5/8/2015,37206,64255
5/9/2015,26813,51941
5/10/2015,28962,62364
5/11/2015,35068,57873
5/12/2015,38186,62939
5/13/2015,36162,57091
5/14/2015,44429,80286
5/15/2015,37687,64660
5/16/2015,26142,50862
5/17/2015,34006,73458
5/18/2015,33527,53794
5/19/2015,36272,58026
5/20/2015,36020,57290
5/21/2015,33076,50277
5/22/2015,33898,58351
5/23/2015,25985,56999
5/24/2015,27400,66211
5/25/2015,30636,69099
5/26/2015,38282,64504
5/27/2015,35952,57511
5/28/2015,38291,61662
5/29/2015,40179,69343
5/30/2015,33503,69481
5/31/2015,21196,40580
6/1/2015,16079,20369
6/2/2015,12706,15730
6/3/2015,36345,58749
6/4/2015,34390,52792
6/5/2015,32861,51079
6/6/2015,27910,55613
6/7/2015,32881,71994
6/8/2015,35453,58140
6/9/2015,37322,59489
6/10/2015,41386,69035
6/11/2015,39083,62993
6/12/2015,36801,60933
6/13/2015,31772,67103
6/14/2015,29829,62977
6/15/2015,26533,38705
6/16/2015,33832,52864
6/17/2015,40009,65208
6/18/2015,37326,56562
6/19/2015,39350,66914
6/20/2015,24937,45872
6/21/2015,27486,55513
6/22/2015,39758,66659
6/23/2015,34182,52805
6/24/2015,43484,73125
6/25/2015,41618,68362
6/26/2015,40599,68529
6/27/2015,16271,28233
6/28/2015,21588,42273
6/29/2015,39785,69309
6/30/2015,39839,65564
7/1/2015,39019,64472
7/2/2015,36962,62434
7/3/2015,27821,58884
7/4/2015,22347,53110
7/5/2015,26708,61185
7/6/2015,36174,62539
7/7/2015,37930,63163
7/8/2015,35900,57751
7/9/2015,32734,52402
7/10/2015,39687,71490
7/11/2015,32620,69705
7/12/2015,31853,68158
7/13/2015,39586,67998
7/14/2015,36671,58900
7/15/2015,35855,57781
7/16/2015,43302,76535
7/17/2015,40782,73884
7/18/2015,29619,61739
7/19/2015,29332,61512
7/20/2015,35960,59568
7/21/2015,39557,66191
7/22/2015,43602,75758
7/23/2015,43319,75512
7/24/2015,41201,72841
7/25/2015,32458,73133
7/26/2015,31325,66278
7/27/2015,39602,67841
7/28/2015,41321,69131
7/29/2015,40267,66299
7/30/2015,31878,50297
7/31/2015,39360,69897
8/1/2015,36088,84287
8/2/2015,32482,72633
8/3/2015,39912,69232
8/4/2015,41672,71146
8/5/2015,42149,71111
8/6/2015,43455,74669
8/7/2015,41967,74844
8/8/2015,39866,95931
8/9/2015,33654,78144
8/10/2015,40718,74754
8/11/2015,25692,42534
8/12/2015,44145,80366
8/13/2015,43174,78784
8/14/2015,40903,72319
8/15/2015,38777,92390
8/16/2015,30337,65629
8/17/2015,37446,64425
8/18/2015,39913,67805
8/19/2015,40721,69834
8/20/2015,39275,66772
8/21/2015,38033,66202
8/22/2015,34269,77058
8/23/2015,33059,71456
8/24/2015,38676,68193
8/25/2015,41052,71734
8/26/2015,42373,73578
8/27/2015,42801,74735
8/28/2015,41418,74240
8/29/2015,34053,74840
8/30/2015,32581,68990
8/31/2015,40043,67836
9/1/2015,43069,72939
9/2/2015,43004,72983
9/3/2015,42462,71265
9/4/2015,39572,70681
9/5/2015,33669,77956
9/6/2015,32875,82123
9/7/2015,33280,75257
9/8/2015,42344,71591
9/9/2015,43528,71173
9/10/2015,22023,31862
9/11/2015,47206,86598
9/12/2015,33282,68420
9/13/2015,34308,72749
9/14/2015,44367,83150
9/15/2015,48402,88238
9/16/2015,50780,91197
9/17/2015,50275,91433
9/18/2015,49946,95186
9/19/2015,42653,98568
9/20/2015,40099,90483
9/21/2015,47178,85002
9/22/2015,48664,84251
9/23/2015,48175,88117
9/24/2015,52706,96872
9/25/2015,51367,95467
9/26/2015,42559,93740
9/27/2015,38278,82841
9/28/2015,48009,90180
9/29/2015,48728,87702
9/30/2015,39450,65081
10/1/2015,34719,55662
10/2/2015,9444,12111
10/3/2015,16564,25241
10/4/2015,30214,59317
10/5/2015,44581,78665
10/6/2015,49720,89905
10/7/2015,50141,89586
10/8/2015,50179,88959
10/9/2015,37283,65046
10/10/2015,39348,87575
10/11/2015,38967,92607
10/12/2015,45584,102884
10/13/2015,49047,101421
10/14/2015,50000,99751
10/15/2015,48783,96975
10/16/2015,46486,93266
10/17/2015,31811,70864
10/18/2015,23978,49590
10/19/2015,36570,66941
10/20/2015,45377,89988
10/21/2015,49121,100309
10/22/2015,49604,100026
10/23/2015,44681,90710
10/24/2015,31713,71472
10/25/2015,29289,62798
10/26/2015,42166,81381
10/27/2015,44553,83174
10/28/2015,20736,34040
10/29/2015,45359,90367
10/30/2015,44521,90284
10/31/2015,31759,70082
11/1/2015,30622,66939
11/2/2015,44534,89099
11/3/2015,49326,100760
11/4/2015,49487,99144
11/5/2015,43006,81276
11/6/2015,47162,95321
11/7/2015,35586,79866
11/8/2015,32318,73329
11/9/2015,42262,78410
11/10/2015,21585,34847
11/11/2015,37705,68696
11/12/2015,37319,64556
11/13/2015,38970,70190
11/14/2015,25300,50403
11/15/2015,25991,54736
11/16/2015,40916,78389
11/17/2015,38939,68151
11/18/2015,41486,73030
11/19/2015,21890,36884
11/20/2015,38205,71192
11/21/2015,28038,56288
11/22/2015,23344,44743
11/23/2015,30136,51812
11/24/2015,32218,53981
11/25/2015,30295,55504
11/26/2015,13291,35956
11/27/2015,22829,51342
11/28/2015,15832,32196
11/29/2015,18453,36854
11/30/2015,30221,52674
12/1/2015,18399,29273
12/2/2015,23782,39484
12/3/2015,33917,59184
12/4/2015,34737,61717
12/5/2015,26355,56227
12/6/2015,24942,52485
12/7/2015,34139,60929
12/8/2015,35614,59619
12/9/2015,35305,59954
12/10/2015,39099,69925
12/11/2015,39059,72153
12/12/2015,31956,68858
12/13/2015,32001,72863
12/14/2015,32518,57195
12/15/2015,38660,67753
12/16/2015,35643,61011
12/17/2015,21960,35033
12/18/2015,30699,51270
12/19/2015,17776,30995
12/20/2015,17029,30624
12/21/2015,29800,54373
12/22/2015,22941,39410
12/23/2015,14817,28228
12/24/2015,18445,35231
12/25/2015,12331,37829
12/26/2015,13912,30690
12/27/2015,13176,30096
12/28/2015,18889,39889
12/29/2015,13347,24451
12/30/2015,22476,43736
12/31/2015,20375,40032
1/1/2016,11009,24429
1/2/2016,14587,29093
1/3/2016,15499,29616
1/4/2016,19593,36172
1/5/2016,18053,32049
1/6/2016,24569,40996
1/7/2016,27773,45986
1/8/2016,28709,47061
1/9/2016,20846,37341
1/10/2016,14275,25404
1/11/2016,22937,37393
1/12/2016,25211,38958
1/13/2016,21133,31608
1/14/2016,23780,37295
1/15/2016,28435,45993
1/16/2016,19178,35791
1/17/2016,12024,20487
1/18/2016,12718,19998
1/19/2016,17281,26966
1/20/2016,23419,35477
1/21/2016,23671,36048
1/22/2016,20950,31344
1/23/2016,0,0
1/24/2016,0,0
1/25/2016,0,0
1/26/2016,0,0
1/27/2016,6760,13698
1/28/2016,11944,22314
1/29/2016,16028,26896
1/30/2016,12964,23350
1/31/2016,16112,31280
2/1/2016,24334,42380
2/2/2016,28527,47742
2/3/2016,16203,24225
2/4/2016,27765,47458
2/5/2016,13669,25538
2/6/2016,16933,38782
2/7/2016,17605,31524
2/8/2016,19026,28648
2/9/2016,22740,40198
2/10/2016,22418,38402
2/11/2016,18747,27783
2/12/2016,16445,27143
2/13/2016,6625,11589
2/14/2016,4652,6934
2/15/2016,5883,8747
2/16/2016,14225,27802
2/17/2016,23572,38304
2/18/2016,22261,34431
2/19/2016,21959,35317
2/20/2016,24484,53540
2/21/2016,20052,41645
2/22/2016,28233,48237
2/23/2016,16133,26379
2/24/2016,9761,14994
2/25/2016,25102,42707
2/26/2016,22574,36101
2/27/2016,17226,37583
2/28/2016,25440,61595
2/29/2016,27957,47933
3/1/2016,30509,55160
3/2/2016,26195,43535
3/3/2016,24061,37848
3/4/2016,17369,29100
3/5/2016,18023,36875
3/6/2016,18832,36377
3/7/2016,31492,56232
3/8/2016,36521,67958
3/9/2016,41489,81662
3/10/2016,42252,82079
3/11/2016,38193,76636
3/12/2016,32770,81491
3/13/2016,27549,63214
3/14/2016,10930,16498
3/15/2016,31595,57722
3/16/2016,36067,68713
3/17/2016,35390,65353
3/18/2016,34647,69122
3/19/2016,24048,49113
3/20/2016,16676,29737
3/21/2016,26414,44457
3/22/2016,33496,62248
3/23/2016,40981,80289
3/24/2016,36495,67590
3/25/2016,34091,70525
3/26/2016,27474,67267
3/27/2016,22481,52462
3/28/2016,20344,35548
3/29/2016,31481,55067
3/30/2016,33674,61264
3/31/2016,38192,79447
4/1/2016,34448,67595
4/2/2016,21838,46206
4/3/2016,15321,28615
4/4/2016,12302,20143
4/5/2016,26236,43723
4/6/2016,29364,48901
4/7/2016,30400,54591
4/8/2016,30811,53039
4/9/2016,12698,21151
4/10/2016,23228,49190
4/11/2016,32048,59206
4/12/2016,23765,43504
4/13/2016,37538,71788
4/14/2016,38502,88278
4/15/2016,39676,86981
4/16/2016,36148,102228
4/17/2016,38838,115805
4/18/2016,43989,102730
4/19/2016,46075,107515
4/20/2016,44542,104249
4/21/2016,45568,104484
4/22/2016,48806,113556
4/23/2016,33631,96274
4/24/2016,37862,115132
4/25/2016,42303,100925
4/26/2016,34639,75454
4/27/2016,41931,93272
4/28/2016,37428,74857
4/29/2016,34878,78020
4/30/2016,38258,110776
5/1/2016,10697,29020
5/2/2016,38536,84418
5/3/2016,22858,57652
5/4/2016,31619,67962
5/5/2016,39903,80750
5/6/2016,18860,42069
5/7/2016,31078,78977
5/8/2016,31197,84464
5/9/2016,45724,103071
5/10/2016,44849,89755
5/11/2016,51181,106139
5/12/2016,52273,115823
5/13/2016,32391,68317
5/14/2016,42063,108807
5/15/2016,28662,64857
5/16/2016,42787,94791
5/17/2016,43396,80744
5/18/2016,44803,93320
5/19/2016,49184,104291
5/20/2016,52544,118192
5/21/2016,30524,72663
5/22/2016,37804,98270
5/23/2016,48578,109072
5/24/2016,34799,68156
5/25/2016,53441,125803
5/26/2016,52134,124751
5/27/2016,46943,106768
5/28/2016,34233,95897
5/29/2016,36881,114069
5/30/2016,32627,94241
5/31/2016,49774,106059
6/1/2016,54662,127143
6/2/2016,54401,124918
6/3/2016,38975,85292
6/4/2016,40973,107610
6/5/2016,22395,54320
6/6/2016,52130,123879
6/7/2016,51761,114761
6/8/2016,42063,89460
6/9/2016,52885,127585
6/10/2016,53235,119143
6/11/2016,40980,111784
6/12/2016,40636,117814
6/13/2016,49069,110720
6/14/2016,54813,116030
6/15/2016,55049,122197
6/16/2016,46198,100175
6/17/2016,54236,121671
6/18/2016,48901,143869
6/19/2016,45270,137558
6/20/2016,52247,119765
6/21/2016,53564,116215
6/22/2016,55749,119611
6/23/2016,53206,115262
6/24/2016,54186,123440
6/25/2016,43000,123815
6/26/2016,42992,117472
6/27/2016,47023,100253
6/28/2016,49593,99918
6/29/2016,54882,114793
6/30/2016,54843,125575
7/1/16,39665,82871
7/2/16,35835,111151
7/3/16,35347,111116
7/4/16,34859,109745
7/5/16,43736,92107
7/6/16,51336,109240
7/7/16,48724,99975
7/8/16,44400,91632
7/9/16,38138,107359
7/10/16,41985,123282
7/11/16,52853,122260
7/12/16,56515,120414
7/13/16,55471,121029
7/14/16,50345,108541
7/15/16,48558,104701
7/16/16,38405,103429
7/17/16,41346,120635
7/18/16,43681,97216
7/19/16,54587,116806
7/20/16,57213,128799
7/21/16,54832,128476
7/22/16,49185,105666
7/23/16,37522,101810
7/24/16,39634,113680
7/25/16,35376,85145
7/26/16,52904,108783
7/27/16,54148,115744
7/28/16,50134,98694
7/29/16,37693,81355
7/30/16,27780,72197
7/31/16,27651,70377
8/1/16,49395,101134
8/2/16,56744,116187
8/3/16,56992,118370
8/4/16,56587,118563
8/5/16,53286,116534
8/6/16,44209,125188
8/7/16,43631,116183
8/8/16,52251,115847
8/9/16,56101,114892
8/10/16,50100,101761
8/11/16,47420,93639
8/12/16,44729,90685
8/13/16,38903,100035
8/14/16,32961,74055
8/15/16,49056,107305
8/16/16,50411,103010
8/17/16,53983,113583
8/18/16,53209,115041
8/19/16,51658,110723
8/20/16,45808,138864
8/21/16,35041,96941
8/22/16,54201,118995
8/23/16,58665,127012
8/24/16,58134,127066
8/25/16,53480,111985
8/26/16,52026,112005
8/27/16,45673,120578
8/28/16,44639,121056
8/29/16,53279,115101
8/30/16,57392,121098
8/31/16,57200,118815
9/1/16,38174,77415
9/2/16,52999,126790
9/3/16,41629,117476
9/4/16,46020,140347
9/5/16,45431,118022
9/6/16,52432,108743
9/7/16,60278,130391
9/8/16,61551,130259
9/9/16,56804,118213
9/10/16,48454,127252
9/11/16,52238,136353
9/12/16,61083,127447
9/13/16,64818,135366
9/14/16,58928,121511
9/15/16,67312,140436
9/16/16,65257,145454
9/17/16,59199,154037
9/18/16,51685,131788
9/19/16,34205,67180
9/20/16,64881,135085
9/21/16,65453,142356
9/22/16,67762,146370
9/23/16,65499,142458
9/24/16,53258,137355
9/25/16,53563,143312
9/26/16,61120,128011
9/27/16,61334,122347
9/28/16,59456,120072
9/29/16,55550,104364
9/30/16,21368,45194
10/1/16,39809,91771
10/2/16,41018,100425
10/3/16,56369,116682
10/4/16,60196,123551
10/5/16,65031,126942
10/6/16,67580,137567
10/7/16,65881,142612
10/8/16,34624,86818
10/9/16,21687,46334
10/10/16,52248,107487
10/11/16,58754,113228
10/12/16,57497,119851
10/13/16,61209,117523
10/14/16,60561,123000
10/15/16,51991,138233
10/16/16,48866,126550
10/17/16,62649,132131
10/18/16,68224,143635
10/19/16,69758,145347
10/20/16,63668,131686
10/21/16,40865,80787
10/22/16,25301,55557
10/23/16,41462,99878
10/24/16,55254,106893
10/25/16,52667,96848
10/26/16,52466,103870
10/27/16,21054,39660
10/28/16,46233,89857
10/29/16,42513,103274
10/30/16,37760,107572
10/31/16,50071,107875
11/1/16,55944,110056
11/2/16,62133,133258
11/3/16,59632,124673
11/4/16,57867,126507
11/5/16,48687,128639
11/6/16,39413,104186
11/7/16,49883,106484
11/8/16,56589,123718
11/9/16,38050,75883
11/10/16,50863,111472
11/11/16,45826,105021
11/12/16,34664,86968
11/13/16,36806,95679
11/14/16,48810,113590
11/15/16,22884,48797
11/16/16,53328,107831
11/17/16,53889,109418
11/18/16,53370,109802
11/19/16,41208,98021
11/20/16,20616,45772
11/21/16,32964,69754
11/22/16,36723,72592
11/23/16,34462,73005
11/24/16,12122,42343
11/25/16,20980,62444
11/26/16,23810,65654
11/27/16,24076,74381
11/28/16,42086,83300
11/29/16,14584,30989
11/30/16,24434,52424
12/1/16,43233,90239
12/2/16,42358,89092
12/3/16,29853,70853
12/4/16,27454,71729
12/5/16,35927,80214
12/6/16,33325,67187
12/7/16,38010,76605
12/8/16,39621,72219
12/9/16,33540,63950
12/10/16,22379,52716
12/11/16,17798,41740
12/12/16,29035,58701
12/13/16,39023,68858
12/14/16,37799,71798
12/15/16,25002,45840
12/16/16,24484,48288
12/17/16,6993,22363
12/18/16,16295,38459
12/19/16,25648,50405
12/20/16,27677,50408
12/21/16,30611,55746
12/22/16,30874,56441
12/23/16,26335,53318
12/24/16,8014,28033
12/25/16,9919,38209
12/26/16,10774,32446
12/27/16,25946,61379
12/28/16,23596,52937
12/29/16,13202,29631
12/30/16,21366,45743
12/31/16,15925,46810
1/1/17,16009,50761
1/2/17,8921,21545
1/3/17,14198,25879
1/4/17,34039,69966
1/5/17,28393,52446
1/6/17,24177,48964
1/7/17,4425,23556
1/8/17,6417,22756
1/9/17,15856,35209
1/10/17,23232,46216
1/11/17,32419,63099
1/12/17,39783,84763
1/13/17,33611,75847
1/14/17,13819,43090
1/15/17,17384,50738
1/16/17,24110,51664
1/17/17,18646,40697
1/18/17,30857,57978
1/19/17,36561,72077
1/20/17,26752,56479
1/21/17,26610,64662
1/22/17,20523,49368
1/23/17,15822,37687
1/24/17,13171,35619
1/25/17,36931,71418
1/26/17,33002,63750
1/27/17,32394,70189
1/28/17,21302,53955
1/29/17,22527,62854
1/30/17,29616,59975
1/31/17,25169,48684
2/1/17,35221,77639
2/2/17,34517,70727
2/3/17,29632,64701
2/4/17,19204,45120
2/5/17,20059,50532
2/6/17,33415,72513
2/7/17,23053,57760
2/8/17,40428,90430
2/9/17,0,0
2/10/17,1997,8344
2/11/17,8959,26272
2/12/17,5801,26468
2/13/17,23857,58710
2/14/17,29668,78530
2/15/17,32052,72383
2/16/17,29120,63551
2/17/17,28735,67530
2/18/17,30571,99126
2/19/17,36963,125166
2/20/17,32292,91412
2/21/17,32643,84767
2/22/17,38119,90651
2/23/17,42434,98554
2/24/17,47031,117155
2/25/17,33345,104309
2/26/17,24713,75196
2/27/17,35984,80194
2/28/17,41835,92642
3/1/17,40592,85944
3/2/17,35739,73839
3/3/17,31105,68702
3/4/17,15646,43108
3/5/17,15919,50924
3/6/17,32467,72776
3/7/17,29683,63654
3/8/17,43470,101573
3/9/17,45251,99450
3/10/17,18412,41971
3/11/17,15185,48379
3/12/17,13442,38114
3/13/17,27417,58768
3/14/17,0,0
3/15/17,0,0
3/16/17,0,0
3/17/17,7098,25393
3/18/17,4106,17446
3/19/17,10550,33344
3/20/17,27378,60363
3/21/17,36824,78104
3/22/17,26927,55713
3/23/17,29885,74345
3/24/17,34019,82681
3/25/17,29647,86293
3/26/17,19893,55139
3/27/17,26301,59614
3/28/17,21590,46003
3/29/17,42430,91525
3/30/17,39746,91041
3/31/17,6946,23462
4/1/17,23849,67299
4/2/17,39779,130087
4/3/17,43484,104217
4/4/17,29990,63091
4/5/17,47635,108281
4/6/17,18020,44411
4/7/17,35779,81358
4/8/17,35936,108886
4/9/17,43895,137240
4/10/17,50422,124356
4/11/17,57309,150222
4/12/17,51188,113959
4/13/17,52915,131228
4/14/17,52230,149382
4/15/17,42531,134526
4/16/17,48137,157912
4/17/17,53247,127619
4/18/17,53809,126129
4/19/17,45788,97587
4/20/17,44260,108427
4/21/17,39868,92348
4/22/17,34596,101444
4/23/17,49106,142563
4/24/17,48692,103241
4/25/17,20332,47829
4/26/17,37727,81859
4/27/17,52035,122394
4/28/17,62199,163665
4/29/17,57701,180290
4/30/17,42928,125305
5/1/17,56218,136675
5/2/17,61205,142585
5/3/17,59251,141936
5/4/17,57428,144583
5/5/17,24009,58278
5/6/17,46616,127879
5/7/17,34293,90625
5/8/17,51553,114260
5/9/17,56461,118257
5/10/17,58452,136080
5/11/17,57208,135699
5/12/17,56671,132477
5/13/17,5704,28193
5/14/17,38729,114819
5/15/17,54715,129870
5/16/17,64504,157411
5/17/17,65791,153500
5/18/17,63753,149837
5/19/17,62143,145832
5/20/17,47858,135405
5/21/17,54873,160019
5/22/17,24627,61049
5/23/17,60024,139680
5/24/17,60621,135482
5/25/17,17494,50743
5/26/17,53763,133402
5/27/17,46533,145924
5/28/17,46724,151063
5/29/17,26321,75825
5/30/17,50192,114629
5/31/17,59494,142097
6/1/17,67404,163063
6/2/17,66905,157299
6/3/17,56263,155712
6/4/17,40138,100571
6/5/17,55882,123795
6/6/17,41268,86679
6/7/17,64452,149853
6/8/17,62652,132716
6/9/17,66504,156787
6/10/17,57086,150903
6/11/17,51427,140711
6/12/17,57870,133564
6/13/17,60920,129444
6/14/17,60510,137988
6/15/17,64761,144513
6/16/17,56401,128201
6/17/17,34899,83755
6/18/17,49469,138414
6/19/17,38308,88057
6/20/17,64670,146794
6/21/17,67215,154525
6/22/17,66304,158453
6/23/17,55321,129797
6/24/17,52150,141282
6/25/17,54645,158625
6/26/17,62661,145321
6/27/17,64762,151112
6/28/17,67740,159263
6/29/17,64260,146419
6/30/17,58660,132583
7/1/17,36737,107126
7/2/17,43035,128397
7/3/17,48193,130240
7/4/17,49924,146441
7/5/17,60321,149487
7/6/17,62147,140767
7/7/17,44068,103656
7/8/17,55015,146438
7/9/17,57118,159914
7/10/17,60908,141463
7/11/17,61670,141463
7/12/17,61786,132874
7/13/17,56475,126527
7/14/17,31851,70477
7/15/17,56499,148067
7/16/17,56833,153666
7/17/17,62555,141323
7/18/17,66234,144623
7/19/17,63916,143277
7/20/17,59665,131871
7/21/17,60074,136330
7/22/17,48013,124272
7/23/17,46945,117035
7/24/17,43793,104460
7/25/17,65339,148542
7/26/17,70329,168603
7/27/17,65773,144443
7/28/17,63911,151514
7/29/17,52955,132509
7/30/17,59364,165423
7/31/17,64231,153123
8/1/17,66676,147654
8/2/17,56179,122622
8/3/17,66144,146858
8/4/17,56391,128749
8/5/17,58966,169511
8/6/17,56473,161492
8/7/17,23395,55927
8/8/17,65228,145901
8/9/17,67874,170524
8/10/17,66245,151415
8/11/17,63134,147098
8/12/17,60531,173581
8/13/17,57511,162040
8/14/17,61460,139535
8/15/17,52460,105695
8/16/17,68434,159032
8/17/17,66654,156810
8/18/17,36619,90704
8/19/17,62440,186037
8/20/17,55438,147379
8/21/17,61055,138059
8/22/17,60541,133409
8/23/17,65069,141360
8/24/17,66306,151449
8/25/17,64217,156344
8/26/17,50111,132832
8/27/17,54594,145524
8/28/17,60885,133126
8/29/17,35151,67448
8/30/17,65328,147325
8/31/17,64881,144852
9/1/17,54881,129382
9/2/17,37810,107949
9/3/17,30955,83988
9/4/17,55284,164623
9/5/17,65443,140362
9/6/17,42318,86395
9/7/17,69571,148669
9/8/17,69616,154397
9/9/17,60187,150847
9/10/17,60750,154588
9/11/17,71964,166177
9/12/17,74623,161263
9/13/17,69616,146802
9/14/17,72128,150535
9/15/17,72361,160138
9/16/17,61077,156839
9/17/17,60003,156834
9/18/17,64207,138078
9/19/17,57977,115451
9/20/17,71222,150377
9/21/17,67799,152463
9/22/17,70192,163114
9/23/17,62748,165582
9/24/17,57503,148926
9/25/17,69271,156367
9/26/17,71566,156779
9/27/17,69942,147977
9/28/17,70951,148394
9/29/17,67246,141709
9/30/17,50200,113613
10/1/17,55503,139011
10/2/17,65509,141748
10/3/17,69105,135800
10/4/17,71453,150324
10/5/17,70173,150437
10/6/17,70249,148395
10/7/17,63630,153928
10/8/17,41039,100790
10/9/17,38390,78912
10/10/17,74117,155978
10/11/17,63587,126748
10/12/17,61244,123433
10/13/17,67016,136608
10/14/17,58771,142476
10/15/17,56529,137364
10/16/17,61729,125800
10/17/17,64480,122345
10/18/17,70233,147842
10/19/17,72311,143664
10/20/17,72174,157255
10/21/17,65872,169402
10/22/17,62148,153444
10/23/17,69273,143899
10/24/17,48077,95599
10/25/17,71284,142007
10/26/17,64002,123419
10/27/17,69265,139481
10/28/17,61345,143571
10/29/17,9537,20810
10/30/17,49246,95502
10/31/17,60242,115329
11/1/17,60772,111304
11/2/17,70810,144455
11/3/17,71817,147055
11/4/17,53433,120119
11/5/17,34943,76281
11/6/17,57606,116318
11/7/17,36361,69588
11/8/17,54211,107852
11/9/17,58416,113119
11/10/17,38432,74794
11/11/17,28142,55350
11/12/17,32471,73187
11/13/17,38752,72112
11/14/17,52278,95328
11/15/17,54230,104590
11/16/17,49737,93532
11/17/17,48989,93476
11/18/17,27745,58136
11/19/17,31597,66078
11/20/17,45120,85295
11/21/17,52448,95288
11/22/17,32297,69530
11/23/17,13705,32527
11/24/17,23723,64012
11/25/17,30510,73542
11/26/17,27180,60652
11/27/17,46732,99410
11/28/17,51166,97329
11/29/17,55290,107040
11/30/17,51699,97110
12/1/17,50708,99868
12/2/17,38922,83660
12/3/17,33728,77915
12/4/17,49630,92142
12/5/17,41792,85008
12/6/17,46335,87328
12/7/17,45367,94653
12/8/17,41330,81217
12/9/17,10804,20955
12/10/17,19815,43621
12/11/17,41838,81071
12/12/17,42620,88499
12/13/17,32623,60051
12/14/17,27494,49648
12/15/17,22944,41598
12/16/17,19060,38766
12/17/17,22403,49790
12/18/17,40168,79914
12/19/17,49503,97301
12/20/17,41461,78833
12/21/17,37592,70297
12/22/17,34338,62387
12/23/17,9608,24205
12/24/17,13215,37985
12/25/17,6479,26767
12/26/17,14113,32919
12/27/17,16365,31793
12/28/17,13419,34438
12/29/17,13759,29284
12/30/17,5956,13910
12/31/17,6569,18326
1/1/2018,5499,11483
1/2/2018,18818,39352
1/3/2018,24299,42853
1/4/2018,1922,5328
1/5/2018,4972,14303
1/6/2018,4294,9479
1/7/2018,5640,9387
1/8/2018,15820,31294
1/9/2018,25090,50981
1/10/2018,28252,50218
1/11/2018,33961,66584
1/12/2018,22252,46403
1/13/2018,17758,30418
1/14/2018,12394,32949
1/15/2018,17637,41770
1/16/2018,30278,60053
1/17/2018,19010,36319
1/18/2018,27662,52573
1/19/2018,30525,50322
1/20/2018,28507,59336
1/21/2018,27908,61571
1/22/2018,36864,68638
1/23/2018,28796,63693
1/24/2018,36078,69596
1/25/2018,31147,51927
1/26/2018,33073,61857
1/27/2018,34348,70146
1/28/2018,20100,38221
1/29/2018,36799,68868
1/30/2018,27996,59260
1/31/2018,31276,54440
2/1/2018,35561,66984
2/2/2018,26313,50427
2/3/2018,18385,40020
2/4/2018,13959,35121
2/5/2018,29068,56061
2/6/2018,34102,68060
2/7/2018,15289,31573
2/8/2018,31563,60985
2/9/2018,31567,57070
2/10/2018,16323,37641
2/11/2018,8809,21167
2/12/2018,35138,68283
2/13/2018,35189,69420
2/14/2018,39591,80081
2/15/2018,44193,88474
2/16/2018,29191,57219
2/17/2018,17921,38834
2/18/2018,21537,50512
2/19/2018,25677,62150
2/20/2018,44478,98129
2/21/2018,53110,118306
2/22/2018,27010,54857
2/23/2018,25633,49639
2/24/2018,25550,61251
2/25/2018,16149,34052
2/26/2018,42570,84614
2/27/2018,48514,107682
2/28/2018,50707,100855
3/1/2018,45562,91489
3/2/2018,6855,23277
3/3/2018,28361,61107
3/4/2018,25262,60490
3/5/2018,36774,75190
3/6/2018,42688,80995
3/7/2018,8188,22312
3/8/2018,28440,53403
3/9/2018,34912,70068
3/10/2018,25443,59343
3/11/2018,27596,67622
3/12/2018,36339,76569
3/13/2018,23137,46021
3/14/2018,35377,62352
3/15/2018,39572,72192
3/16/2018,34921,62381
3/17/2018,27671,62524
3/18/2018,25158,55182
3/19/2018,39278,83086
3/20/2018,35532,69573
3/21/2018,3755,11799
3/22/2018,27308,61715
3/23/2018,38527,77668
3/24/2018,34396,79562
3/25/2018,25562,62656
3/26/2018,40295,88831
3/27/2018,41354,88986
3/28/2018,41880,80607
3/29/2018,39288,84590
3/30/2018,34784,78825
3/31/2018,41779,109399
4/1/18,33148,94040
4/2/18,22062,50418
4/3/18,25883,59477
4/4/18,36755,80049
4/5/18,39814,87382
4/6/18,35624,83643
4/7/18,33245,79955
4/8/18,28410,67056
4/9/18,40509,87612
4/10/18,43051,89629
4/11/18,48612,104081
4/12/18,53168,114400
4/13/18,63503,150894
4/14/18,62595,185232
4/15/18,20440,58497
4/16/18,26288,65284
4/17/18,44689,104884
4/18/18,51110,112664
4/19/18,38298,79890
4/20/18,47049,101982
4/21/18,63594,179681
4/22/18,54282,149532
4/23/18,57764,131224
4/24/18,58523,126491
4/25/18,31213,63086
4/26/18,66074,150788
4/27/18,39153,85566
4/28/18,56735,158334
4/29/18,44825,130649
4/30/18,41074,91215
5/1/18,72035,173896
5/2/18,76773,189852
5/3/18,69053,165326
5/4/18,71197,177291
5/5/18,63325,167568
5/6/18,48993,120205
5/7/18,68915,156297
5/8/18,74310,174749
5/9/18,78454,183295
5/10/18,67454,153260
5/11/18,75262,184114
5/12/18,34535,91563
5/13/18,25985,67247
5/14/18,64727,147144
5/15/18,52826,118790
5/16/18,32766,75694
5/17/18,49788,107763
5/18/18,63112,146437
5/19/18,18026,45461
5/20/18,56946,158983
5/21/18,71218,172936
5/22/18,48508,109420
5/23/18,72653,170812
5/24/18,74808,177631
5/25/18,69342,174715
5/26/18,51592,155957
5/27/18,25813,78075
5/28/18,49040,140226
5/29/18,69090,170334
5/30/18,72321,159297
5/31/18,55798,123710
6/1/18,62890,147780
6/2/18,60287,158528
6/3/18,50041,134416
6/4/18,58910,130774
6/5/18,71906,155007
6/6/18,69797,154726
6/7/18,70478,160532
6/8/18,72696,163188
6/9/18,65239,171623
6/10/18,41639,106867
6/11/18,68060,154381
6/12/18,76255,166828
6/13/18,64270,144934
6/14/18,75803,173109
6/15/18,72417,160081
6/16/18,63182,165240
6/17/18,56218,146611
6/18/18,63551,136481
6/19/18,72168,153883
6/20/18,74088,165836
6/21/18,70050,158375
6/22/18,71084,156062
6/23/18,51028,118620
6/24/18,55775,152057
6/25/18,71747,163026
6/26/18,80643,171973
6/27/18,67647,140557
6/28/18,50431,104860
6/29/18,69856,151785
6/30/18,54713,134347
7/1/18,45265,120484
7/2/18,58633,130122
7/3/18,54882,113998
7/4/18,48368,136287
7/5/18,59471,133659
7/6/18,49504,111660
7/7/18,60916,173852
7/8/18,60486,171826
7/9/18,70063,153650
7/10/18,72501,147441
7/11/18,73011,163349
7/12/18,74857,161182
7/13/18,72113,156285
7/14/18,62556,157266
7/15/18,52295,132234
7/16/18,67072,146307
7/17/18,48495,97913
7/18/18,75706,169481
7/19/18,78004,141327
7/20/18,74539,136511
7/21/18,53651,114977
7/22/18,44284,87253
7/23/18,53074,88170
7/24/18,69754,117924
7/25/18,42988,66587
7/26/18,71065,122885
7/27/18,49224,82987
7/28/18,61543,129505
7/29/18,63472,137343
7/30/18,69512,123639
7/31/18,76253,134233
8/1/18,64467,106881
8/2/18,69711,118282
8/3/18,61962,105765
8/4/18,51200,104541
8/5/18,58379,122656
8/6/18,65686,112585
8/7/18,64351,106678
8/8/18,70577,120473
8/9/18,71976,124150
8/10/18,69617,123534
8/11/18,36607,69505
8/12/18,59834,125265
8/13/18,44273,70501
8/14/18,63733,107144
8/15/18,73124,128453
8/16/18,70825,123444
8/17/18,63316,109405
8/18/18,57284,125508
8/19/18,45874,86651
8/20/18,67589,118793
8/21/18,75214,132261
8/22/18,72614,125978
8/23/18,73877,130310
8/24/18,72894,132952
8/25/18,64683,140537
8/26/18,60954,132223
8/27/18,67630,116967
8/28/18,66638,110486
8/29/18,65903,107006
8/30/18,67900,113385
8/31/18,58922,97818
9/1/18,54318,116904
9/2/18,60828,140923
9/3/18,55067,117164
9/4/18,68655,114264
9/5/18,74981,124919
9/6/18,70264,113123
9/7/18,74586,127470
9/8/18,58284,111254
9/9/18,19950,30544
9/10/18,23949,32472
9/11/18,66552,109380
9/12/18,53241,82748
9/13/18,74054,123401
9/14/18,74330,128288
9/15/18,71185,149524
9/16/18,69515,150281
9/17/18,71340,118809
9/18/18,53077,82768
9/19/18,74372,129089
9/20/18,76803,129385
9/21/18,74940,128273
9/22/18,69133,142121
9/23/18,55494,104944
9/24/18,71631,115888
9/25/18,25430,35795
9/26/18,68007,110772
9/27/18,75370,126480
9/28/18,57230,90249
9/29/18,69321,145920
9/30/18,66224,139423
10/1/18,71387,120257
10/2/18,73113,122234
10/3/18,76769,129720
10/4/18,70698,116337
10/5/18,74744,129597
10/6/18,57599,110421
10/7/18,60753,127033
10/8/18,58256,95097
10/9/18,74251,123973
10/10/18,77317,132255
10/11/18,46862,70173
10/12/18,67686,113055
10/13/18,54747,100652
10/14/18,54297,103697
10/15/18,59181,92219
10/16/18,66661,104171
10/17/18,67868,107762
10/18/18,61668,94356
10/19/18,64735,105730
10/20/18,56281,109142
10/21/18,39192,64764
10/22/18,57919,88293
10/23/18,68086,110293
10/24/18,64203,98615
10/25/18,61637,95827
10/26/18,59861,92569
10/27/18,13124,17949
10/28/18,42502,74540
10/29/18,60028,92882
10/30/18,65545,102834
10/31/18,68447,114039
11/1/18,74260,128502
11/2/18,63746,105906
11/3/18,49127,89639
11/4/18,50713,98021
11/5/18,33345,47328
11/6/18,40271,56313
11/7/18,67925,112354
11/8/18,64441,103621
11/9/18,36952,54282
11/10/18,37809,63740
11/11/18,36612,64197
11/12/18,51341,79338
11/13/18,36957,52453
11/14/18,49621,70932
11/15/18,24948,35594
11/16/18,34447,49576
11/17/18,37974,61206
11/18/18,34390,55093
11/19/18,54540,83935
11/20/18,51910,75746
11/21/18,40417,58441
11/22/18,8798,12626
11/23/18,16107,23143
11/24/18,20087,32011
11/25/18,34519,60831
11/26/18,29189,42333
11/27/18,49979,74556
11/28/18,48433,69352
11/29/18,51468,76715
11/30/18,46001,67098
12/1/18,37989,62304
12/2/18,18418,26501
12/3/18,53974,85524
12/4/18,49058,71843
12/5/18,46779,67536
12/6/18,46543,66885
12/7/18,43841,63353
12/8/18,29909,44552
12/9/18,27547,40886
12/10/18,43358,62699
12/11/18,47335,68321
12/12/18,47717,68600
12/13/18,40736,57295
12/14/18,44775,66633
12/15/18,36423,57244
12/16/18,9835,13599
12/17/18,45382,66449
12/18/18,41703,58360
12/19/18,44096,63165
12/20/18,34026,48713
12/21/18,23996,34450
12/22/18,24870,36653
12/23/18,22230,35921
12/24/18,18990,27246
12/25/18,11177,21483
12/26/18,25358,39176
12/27/18,31169,48943
12/28/18,12039,17576
12/29/18,29037,54116
12/30/18,22536,37741
12/31/18,18936,29794
1/1/19,22145,44131
1/2/19,38249,58975
1/3/19,42181,62500
1/4/19,44420,65739
1/5/19,17636,24326
1/6/19,31764,50481
1/7/19,36928,52310
1/8/19,41728,60469
1/9/19,44882,63480
1/10/19,39449,53225
1/11/19,33196,44226
1/12/19,25431,35133
1/13/19,23020,33018
1/14/19,35408,48021
1/15/19,39538,54751
1/16/19,40854,56553
1/17/19,39417,53430
1/18/19,34478,47215
1/19/19,23933,34580
1/20/19,14440,19131
1/21/19,10392,11911
1/22/19,28913,37788
1/23/19,42028,59442
1/24/19,20328,27931
1/25/19,39298,54567
1/26/19,26607,38634
1/27/19,30338,48280
1/28/19,36172,49109
1/29/19,31353,42066
1/30/19,25489,33178
1/31/19,18879,22941
